name,contrat,contact,phones,emails,address,codes
ACC SUD OUEST,33254,,"[""05 57 22 87 36"",""05 57 22 42 10"",""05 57 22 42 12""]","[""contact@accsudouest.org""]","73 Avenue du Château d'Eau, 33700 MÉRIGNAC","{""id"":""33254"",""mdp"":""33254""}"
AXA,0000021799969904,Balke Serge,"[""05 56 09 47 55""]","[""agence.balke@axa.fr""]","11 Cours du Dr Jacques Noël, 33590 Saint-Vivien-de-Médoc","{""id"":""coprolsp@gmail.com"",""mdp"":""3Rivieres.""}"
CIC,923515107917,,"[""05 56 05 41 11"",""05 56 05 40 50""]","[""19317@cic.fr""]","76 Avenue du Médoc, 33320 Eysines","{""id"":""923515107917"",""mdp"":""3Rivieres.""}"
EAU (Mairie),51405001201,Svc Eau: N. Dupuis,"[""05 56 09 85 77"",""05 56 73 29 29""]","[""n.dupuis@mairie-soulac.fr""]","2 Rue Hôtel de Ville, 33780 Soulac-Sur-Mer","{""id"":"""",""mdp"":""""}"